Time,sensor1,sensor2
0:00:00,62.38400779835232,37.083547309850225
0:00:01,62.7268777007395,37.071388305721456
0:00:02,62.30508556947697,36.95707579877919
0:00:03,64.27213610556666,36.91221449683761
0:00:04,63.23182095448097,37.048956225868
0:00:05,64.9405768068622,36.86789000546349
0:00:06,66.29747283653981,36.97016083898508
0:00:07,67.56396921623296,36.900649258251974
0:00:08,65.58385592056061,36.95178107732084
0:00:09,65.84121329558117,37.02013841788696
0:00:10,67.21531611811959,37.040687749965876
0:00:11,66.63442956408717,36.884643551380634
0:00:12,65.48774894771542,36.952589379474674
0:00:13,64.77215435861298,36.89583180871121
0:00:14,64.42756657841478,36.96431933134125
0:00:15,66.4071240514631,37.024411536637054
0:00:16,66.42338376145725,36.92651806522702
0:00:17,66.92889274736805,36.925710675601586
0:00:18,65.68159653385277,36.84701234320171
0:00:19,64.81677545556519,36.9100698414459
0:00:20,62.86332533148783,36.878551960996305
0:00:21,62.3057582645613,37.02511421710647
0:00:22,63.493190149481535,36.831616959224405
0:00:23,62.578153237093694,36.921730593367286
0:00:24,61.23908760861747,36.99291519076621
0:00:25,60.638018958953595,36.953993335185906
0:00:26,60.64320471023828,36.821215466592236
0:00:27,59.75484781073873,36.916479067973476
0:00:28,59.18579918382862,36.87700165207925
0:00:29,57.337220599822345,36.910256711371396
0:00:30,55.85123339609248,36.94224572440108
0:00:31,54.304434144352705,36.95869686365851
0:00:32,53.96374897990017,36.79488696329476
0:00:33,53.50798566244457,36.7563263702832
0:00:34,53.476527637204626,36.93175502915194
0:00:35,51.577473593731234,36.79680298740793
0:00:36,53.4752714759868,36.77996440633148
0:00:37,54.40208485609682,36.756674632198326
0:00:38,56.17741483476043,36.748008908601605
0:00:39,56.65868754585087,36.726937675175584
0:00:40,56.72788176245027,36.82004632954857
0:00:41,56.643191970838934,36.79990798346241
0:00:42,55.12599272031001,36.83530287830703
0:00:43,57.04115262759755,36.81115115918157
0:00:44,55.454300362533345,36.80466911128718
0:00:45,56.984345161056574,36.795434039787146
0:00:46,56.786333625562,36.76965266845994
0:00:47,58.33977543472329,36.84341895306453
0:00:48,57.661008314309804,36.820077985403465
0:00:49,59.33442969601316,36.71996931691982
0:00:50,59.246910756227194,36.744174258714935
0:00:51,59.88110082529293,36.726652709635424
0:00:52,59.53153077443042,36.841264972032455
0:00:53,57.53334632714346,36.87318042870773
0:00:54,59.07563095978892,36.691335779142165
0:00:55,60.639146043311335,36.81721669087375
0:00:56,62.04719321181776,36.88375135337986
0:00:57,64.01807163311278,36.81746501659509
0:00:58,64.53821720902573,36.89496890382896
0:00:59,63.12383790258811,36.800255559875346
0:01:00,64.64408674023373,36.764534072756746
0:01:01,64.17793990575474,36.879638370667884
0:01:02,63.38544307088183,36.89817643749581
0:01:03,63.0742807694117,36.734508833256285
0:01:04,62.11860542590007,36.881887156498486
0:01:05,61.201890479071764,36.812270868012696
0:01:06,79.14231167750441,36.7358012607884
0:01:07,61.43914113127789,36.77327422368536
0:01:08,62.49742286451009,36.76084115801085
0:01:09,62.64585199819487,36.80626369035562
0:01:10,63.25584316362143,36.765985540560266
0:01:11,65.14347121522395,36.78432629242829
0:01:12,66.8472796292505,36.80476776308191
0:01:13,65.19253713296528,36.92344645571366
0:01:14,64.24586119429459,36.87819052121369
0:01:15,63.8149206092115,36.91678247267015
0:01:16,62.332825268417366,36.88978867858286
0:01:17,63.08715536487998,36.76082283532481
0:01:18,61.273709748517106,36.85541275357401
0:01:19,62.09901675341951,36.852128435075656
0:01:20,63.33326245157171,36.92910193230224
0:01:21,62.20466074251055,36.906977612294966
0:01:22,62.8868563121965,36.92278053563949
0:01:23,63.87351802673931,36.801889851761814
0:01:24,61.883195809991975,36.8260031385754
0:01:25,62.350826771611544,36.86657849224388
0:01:26,63.47358724489699,36.7515166730878
0:01:27,63.129390954278236,36.78775128906382
0:01:28,61.756618090211134,36.863724361710425
0:01:29,59.87868771623917,36.807523479730015
0:01:30,60.700808458259246,36.82683751389431
0:01:31,59.268463702414046,36.8086442508194
0:01:32,78.86153069639187,36.79735425247489
0:01:33,58.2473987388525,36.822548047864586
0:01:34,57.32429473814606,36.75344263410984
0:01:35,57.304742769444054,36.79298355408966
0:01:36,57.85292057790593,36.89420922391655
0:01:37,58.838855849473376,36.79353576336542
0:01:38,57.75404566471594,36.76562246577872
0:01:39,59.12423519450613,36.82710350522065
0:01:40,58.07409788504627,36.88080050277231
0:01:41,57.60005584211493,36.783621063221304
0:01:42,59.35251302659921,36.76499680104336
0:01:43,60.37537836944653,36.84667899979848
0:01:44,58.87923341107783,36.81948665386693
0:01:45,58.2960599398068,36.8327110090824
0:01:46,59.95306951815088,36.863533904182326
0:01:47,58.8513247932438,36.802186394749356
0:01:48,58.985853227769475,36.75732104666399
0:01:49,60.518133701768726,36.710653849337504
0:01:50,58.87937149353275,36.81208628899321
0:01:51,57.34891400472472,36.726788787792565
0:01:52,58.376626161492375,36.71281787422783
0:01:53,59.44817651052119,36.763760907646706
0:01:54,57.7260324308979,36.84795803255686
0:01:55,57.8575301146733,36.76893115922311
0:01:56,56.604426941949356,36.78676761119711
0:01:57,57.52474359135026,36.719693078326394
0:01:58,58.52403006976408,36.84113768757436
0:01:59,60.12235252082216,36.743476884735806
0:02:00,59.23269529423376,36.773082458819104
0:02:01,58.12078868326713,36.84852062067928
0:02:02,58.89071516982658,36.850332711368495
0:02:03,56.89591895923801,36.75092771458022
0:02:04,56.010215592086325,36.83248700331917
0:02:05,56.07889859145327,36.857385814559876
0:02:06,57.24600054262754,36.772611115157005
0:02:07,58.110125387613074,36.822373884975285
0:02:08,56.99362085437558,36.8318166599698
0:02:09,56.0861165200806,36.67773962907694
0:02:10,56.22580213048394,36.67099188246986
0:02:11,54.22884607030266,36.78742644446163
0:02:12,55.51567632839398,36.82265864088346
0:02:13,54.2979012731617,36.72937073513551
0:02:14,56.09943973878398,36.675075658540536
0:02:15,54.54336401533569,36.85173245387399
0:02:16,54.047490899534075,36.74226398704231
0:02:17,54.52426592794278,36.815509371425755
0:02:18,55.217784736503674,36.80759480710858
0:02:19,55.45106042285989,36.77248292813746
0:02:20,54.38846846898404,36.69909449669442
0:02:21,55.680180472199915,36.81031271098565
0:02:22,56.30844577918654,36.69736758902985
0:02:23,56.79974449562096,36.79788451217129
0:02:24,58.5142018767501,36.714863659229415
0:02:25,58.06993753768786,36.65029555885771
0:02:26,59.46504737334088,36.79674102593923
0:02:27,58.02715521162342,36.71247901684133
0:02:28,56.171601371386735,36.774835288300295
0:02:29,56.370348335506264,36.666274824635764
0:02:30,56.12261654302946,36.76672605741258
0:02:31,56.83817086535598,36.82210389044612
0:02:32,55.91406923484071,36.678203516469395
0:02:33,55.83377814906159,36.77546557959041
0:02:34,54.5981842163759,36.736858261554154
0:02:35,54.3087604937141,36.68265083297631
0:02:36,55.89883250864012,36.73757993203714
0:02:37,54.2705123002242,36.7816886510691
0:02:38,54.01006783566857,36.81629398685326
0:02:39,52.29129966691563,36.775608117416915
0:02:40,54.07979420458356,36.71633068603291
0:02:41,55.31440159113614,36.69208204215422
0:02:42,53.643082390140464,36.79233621739587
0:02:43,52.83072079731003,36.682291512885996
0:02:44,54.623938952986855,36.61845924133439
0:02:45,53.623005339506605,36.780561605615425
0:02:46,53.52504079805954,36.79648958573021
0:02:47,52.38618774228954,36.6775399402788
0:02:48,53.94240464323989,36.64523448062105
0:02:49,54.30098967899768,36.790413259495914
0:02:50,53.312913971817295,36.61396401821411
0:02:51,53.923556543664446,36.73661709355575
0:02:52,54.689039943213885,36.66155470845786
0:02:53,54.51343662744062,36.76824418668098
0:02:54,52.89348249209814,36.615600479981346
0:02:55,52.237847992494174,36.743354943807056
0:02:56,51.32500795321903,36.73493712680173
0:02:57,51.28184978529267,36.59323423715379
0:02:58,52.42263397766833,36.75210310047886
0:02:59,50.61229661741356,36.646734730077554
0:03:00,50.3774197533961,36.75195497636377
0:03:01,50.43526782482534,36.62140671119846
0:03:02,50.0,36.62020837610829
0:03:03,50.26746614038666,36.72039980761783
0:03:04,50.0,36.57046561355173
0:03:05,50.0,36.641448626398905
0:03:06,65.16188532711449,36.75763365063242
0:03:07,50.0,36.695831116177295
0:03:08,51.41823746379777,36.75062679544633
0:03:09,50.4299850307483,36.56110640900746
0:03:10,51.32814421951991,36.62963489821496
0:03:11,52.53229419683917,36.645952745522045
0:03:12,52.55979304522485,36.71790480748023
0:03:13,52.42216265098839,36.59448663926482
0:03:14,53.123833152722334,36.638744623543175
0:03:15,51.87695866675591,36.55325194181278
0:03:16,52.50835116510149,36.65934320228587
0:03:17,53.89280997382706,36.7116135639421
0:03:18,54.09231890534176,36.60701771059886
0:03:19,54.62908164805331,36.673066126131296
0:03:20,55.17362974408395,36.62470267039436
0:03:21,55.12113001432737,36.67044822128875
0:03:22,54.459027412866114,36.58370519035022
0:03:23,54.79692167985599,36.66953836634519
0:03:24,53.84890619995745,36.63988555495823
0:03:25,55.10551686124083,36.566615376031066
0:03:26,56.00101690987512,36.68068969980757
0:03:27,66.04962561079248,36.586369587054406
0:03:28,56.13788749564449,36.680112751278095
0:03:29,57.54372019029541,36.73749986009255
0:03:30,56.271983261925,36.7214262955066
0:03:31,57.81496670935854,36.62919308101402
0:03:32,58.85418413403452,36.767842931786156
0:03:33,60.360962276567626,36.65725912533677
0:03:34,61.9994637217581,36.68862014756735
0:03:35,60.662293039952765,36.78721864583916
0:03:36,59.91010225493523,36.66751220330074
0:03:37,60.57390117805296,36.727924743012025
0:03:38,59.03551338734676,36.64921321180896
0:03:39,45.199724637013475,36.708407701426374
0:03:40,58.4523649212051,36.656517535196315
0:03:41,60.2305051820741,36.7085472035634
0:03:42,59.45714981772653,36.77848179931964
0:03:43,59.09418824587995,36.64669990712934
0:03:44,59.703021571484065,36.725732863439006
0:03:45,60.48774088505303,36.68024943593563
0:03:46,61.371995862475636,36.71118167181395
0:03:47,61.54973662824578,36.657762495827924
0:03:48,62.283932481933014,36.74081131145589
0:03:49,61.49942396235672,36.74574407133651
0:03:50,61.88969483804189,36.7686743852183
0:03:51,42.1458900242741,36.78870591049154
0:03:52,62.41217774540958,36.77074983212717
0:03:53,60.68422232632176,36.83821944181027
0:03:54,58.83836726237784,36.69943962126656
0:03:55,60.8264490247581,36.8003694456176
0:03:56,61.1535992970393,36.8702517136099
0:03:57,60.22430129774307,36.82006570129893
0:03:58,60.757118451028006,36.70335599073728
0:03:59,61.60099572331442,36.81379513144891
0:04:00,59.89642706820927,36.75387765528386
0:04:01,61.215815258660456,36.73360121744555
0:04:02,62.56910638151418,36.84640184770078
0:04:03,63.12908038743852,36.822395704783794
0:04:04,62.72063116263029,36.84612380253857
0:04:05,63.931800928385236,36.863458179642926
0:04:06,63.80724419983057,36.807806267358266
0:04:07,65.01194195099276,36.76924296326245
0:04:08,66.65385121095481,36.857641972872365
0:04:09,54.21413248160342,36.8907736377338
0:04:10,65.14344316514214,36.78115306222652
0:04:11,63.927768896802945,36.83792179014812
0:04:12,64.80726738714381,36.781235841419125
0:04:13,66.66876106382497,36.771174303427784
0:04:14,67.91857602629415,36.80396118626287
0:04:15,68.11119598678961,36.88477552065047
0:04:16,68.45376402489491,36.793472022400266
0:04:17,67.1949860380979,36.82456662750639
0:04:18,67.62544474316714,36.8498237820133
0:04:19,66.91525688889139,36.842303321448654
0:04:20,68.72913357823408,36.780378965057956
0:04:21,81.38241362443928,36.852626432988316
0:04:22,70.47551859140658,36.80379656669823
0:04:23,69.68402441539907,36.88407732836776
0:04:24,67.97377135556097,36.88679373389566
0:04:25,68.33361011856432,36.81047379432755
0:04:26,68.57978769617627,36.95472779435612
0:04:27,68.88626519631173,36.96773597449738
0:04:28,70.21277105035662,37.0024236327591
0:04:29,70.66428088820463,36.87556669393614
0:04:30,70.38874838521862,36.90122890707274
0:04:31,71.42173444436466,36.90156784596413
0:04:32,72.18239018329608,36.878075520354805
0:04:33,72.88809107376387,36.8653791052842
0:04:34,71.82598627367909,37.03093551620217
0:04:35,70.03612340470366,36.88981197845866
0:04:36,69.13385446194232,36.94940589797235
0:04:37,69.47757144221248,36.94528088853048
0:04:38,69.94650919500697,36.88338264946005
0:04:39,71.67586922230716,36.9542342440271
0:04:40,70.14681195907644,36.860997191113356
0:04:41,68.7807908936308,36.89151597710879
0:04:42,69.62829638306386,37.060676233657524
0:04:43,67.94278050617861,37.01333401237517
0:04:44,66.18105401722026,37.01828572354082
0:04:45,66.04822031015688,36.94059532292307
0:04:46,66.95141452422797,36.90116872563823
0:04:47,65.29607595525577,36.92457115636685
0:04:48,63.675573330652874,36.9058592802131
0:04:49,61.793321640868584,36.91944353502211
0:04:50,62.37921580697845,36.90196097195119
0:04:51,63.97859341333738,36.95746274988403
0:04:52,83.5339846424868,36.919287801579614
0:04:53,63.770349698152955,36.853064970381396
0:04:54,65.68529775357474,36.84503599624578
0:04:55,65.13772394834949,36.87999274852581
0:04:56,66.38774762361108,36.95996316333165
0:04:57,65.33757850513236,36.91751530661968
0:04:58,66.26662957358371,36.99677196440973
0:04:59,67.34322624105909,36.87614952851991
0:05:00,68.47155110521368,37.025986077113295
0:05:01,68.55450675853145,36.83663506896621
0:05:02,67.20115879378152,36.905938015458545
0:05:03,67.87335627356774,36.91806131717699
0:05:04,69.17495025417556,36.853360126902395
0:05:05,68.60606637901586,36.8554251149327
0:05:06,68.02432122184986,36.85474000592886
0:05:07,66.65085377452591,36.91463367144895
0:05:08,55.53717872486801,37.002760028093114
0:05:09,65.73342038289434,36.874976409308246
0:05:10,63.92600522830117,36.96671060128964
0:05:11,65.7707882267551,36.99182770762587
0:05:12,66.44373111995407,36.90276796995201
0:05:13,65.84828115543075,37.01693451965934
0:05:14,65.96684429302279,36.926932278202635
0:05:15,65.87684786346283,36.9455184104045
0:05:16,65.47842716638053,37.029672082152985
0:05:17,66.4703213690186,36.926491352409
0:05:18,68.42582978133063,36.90057966187622
0:05:19,69.46062065758062,36.942826765825046
0:05:20,68.55322332279994,36.86580085727231
0:05:21,69.58935385050688,36.9323250791508
0:05:22,69.9078267950676,36.85801116087193
0:05:23,69.10159800264398,37.014234052409655
0:05:24,67.66525240918915,36.8526290906635
0:05:25,68.94030745242915,36.85987720619885
0:05:26,68.28944719794265,36.95089775572431
0:05:27,67.12954162162691,36.91018240422751
0:05:28,66.79510832727358,36.93738685980632
0:05:29,65.27132979402666,36.922141331294476
0:05:30,63.68945166988126,36.90032546802774
0:05:31,62.70210508462323,36.99688745451646
0:05:32,61.4874181352996,36.93423480858633
0:05:33,75.25081110180881,37.01844650735298
0:05:34,59.75386721372546,36.927441453437474
0:05:35,60.35963963130227,36.90421598102705
0:05:36,61.95127539084501,36.962361866776156
0:05:37,62.813719063142834,36.86661946158928
0:05:38,63.138699955827796,36.88878034421579
0:05:39,63.029381866342966,36.996763776738256
0:05:40,63.20275734054965,36.89537620280427
0:05:41,62.96969444487012,36.87440348731612
0:05:42,81.10841787357708,36.85619969660448
0:05:43,61.050665897415385,36.86820907412235
0:05:44,60.548022823284846,36.85665281435118
0:05:45,61.822214337945866,36.8112801110281
0:05:46,63.07893783641655,36.925503780825615
0:05:47,62.68248903063936,36.97507240969295
0:05:48,61.723883282249425,36.972725641004004
0:05:49,60.65593693428982,36.884776348865245
0:05:50,59.041334281242634,36.868561643776715
0:05:51,60.041771543901525,36.96271776163046
0:05:52,59.27475391666814,36.8694322457847
0:05:53,70.03916990855612,36.78443219133121
0:05:54,57.75205363549299,36.941357538027596
0:05:55,57.81421841892017,36.90384699512411
0:05:56,56.083814006277095,36.82406249587627
0:05:57,56.37700323634775,36.751270235127386
0:05:58,55.79834391399687,36.865444824591094
0:05:59,55.753653975921154,36.862788684897204
0:06:00,57.039024854981534,36.82174888822661
0:06:01,56.15150679294355,36.730815928205196
0:06:02,55.70265298670137,36.81058335369785
0:06:03,55.61768819977903,36.868953710181806
0:06:04,53.81822452167841,36.75059034728227
0:06:05,55.1358607459086,36.86391008198633
0:06:06,56.25502206375841,36.71210955925843
0:06:07,54.57112956412154,36.72196047794665
0:06:08,54.313683647715585,36.751276513809785
0:06:09,54.064150359841975,36.833025829341835
0:06:10,55.01453976170305,36.727264271152706
0:06:11,55.00028204961258,36.69176611918752
0:06:12,54.35861768445665,36.737557104921024
0:06:13,53.22561226021145,36.78871793733526
0:06:14,55.15693900219733,36.761057286626006
0:06:15,56.84729982260885,36.66965071367284
0:06:16,56.064175332748626,36.68419519808898
0:06:17,54.74536251103069,36.70768563349142
0:06:18,56.351005396389546,36.767387213036116
0:06:19,57.5127694501659,36.7477022586551
0:06:20,58.19813674212806,36.8381451227857
0:06:21,58.74514425143883,36.74142239176943
0:06:22,59.94847646356641,36.811784538532024
0:06:23,58.892442114111674,36.81402639944234
0:06:24,60.47013113104371,36.8344816907945
0:06:25,61.026497232629495,36.84502641970446
0:06:26,62.922152560233386,36.70303688594043
0:06:27,61.63621826119587,36.756397273544074
0:06:28,60.658242025026794,36.79756345827455
0:06:29,61.78748806038787,36.765581863595784
0:06:30,60.37566541564616,36.85969663632063
0:06:31,61.067203883570265,36.76017651052571
0:06:32,62.7234442227868,36.82162053174508
0:06:33,61.863124911717,36.76084883391098
0:06:34,59.88206500307407,36.818879794304614
0:06:35,59.338939239873554,36.86999391929665
0:06:36,59.73563956782623,36.84643210803806
0:06:37,59.901972998507574,36.784539587711315
0:06:38,61.15133072649239,36.736704939905934
0:06:39,59.474911099515744,36.80132660338305
0:06:40,57.77660117828957,36.78239427503862
0:06:41,57.74796508552569,36.744208033561556
0:06:42,59.11256172296937,36.88038078178575
0:06:43,59.51739609566093,36.710725849057596
0:06:44,57.708364349343086,36.848502154607544
0:06:45,57.80195475100558,36.75664550801332
0:06:46,57.59460575396774,36.86614969646735
0:06:47,55.84537371869007,36.837883889242676
0:06:48,55.84877753825008,36.691196951414334
0:06:49,54.31448902124772,36.67338738676417
0:06:50,54.20924962243317,36.75447452585759
0:06:51,54.63162518038065,36.80399541250081
0:06:52,55.69210848417527,36.75980090124
0:06:53,56.13450120398672,36.8155583629489
0:06:54,54.870727203564016,36.81799342252161
0:06:55,54.763521740076754,36.74289807505929
0:06:56,55.72627810127221,36.834245510151156
0:06:57,57.3377987830097,36.848063296832734
0:06:58,58.67894679952184,36.8229823573691
0:06:59,59.87681750201514,36.66108889722484
0:07:00,72.89649031949652,36.82405758593658
0:07:01,59.73030553483954,36.73273910198311
0:07:02,59.745094803804825,36.8520647284812
0:07:03,61.57041885025497,36.8599475983689
0:07:04,63.48891929119408,36.70151353296186
0:07:05,64.28639054247259,36.75110952047238
0:07:06,64.07710106460982,36.68920067132656
0:07:07,80.0,36.81822869661122
0:07:08,80.39202896401783,36.8728331294248
0:07:09,81.61642330584405,36.77467584070245
0:07:10,82.66008424725577,36.83248502237771
0:07:11,82.63958382299654,36.914940305518265
0:07:12,82.0475191166914,36.91443575311199
0:07:13,82.56000616867249,36.83716010971492
0:07:14,82.99635539993528,36.922434307785124
0:07:15,83.38517996607696,36.97756141175069
0:07:16,84.3095028938265,36.96311348494753
0:07:17,84.68976516074468,36.97092235399199
0:07:18,84.28038369091344,37.06413367319247
0:07:19,84.06769851563057,36.93066118941926
0:07:20,84.04575458159302,37.12546248539518
0:07:21,85.0609645244985,37.000372310296534
0:07:22,97.32187764580138,37.14073802969111
0:07:23,86.10073490551481,37.0375344966363
0:07:24,86.6619038926643,36.990533379057446
0:07:25,103.81344513988802,37.06188217024363
0:07:26,87.34057028925923,37.20199924795404
0:07:27,86.77571167480849,37.01931619918528
0:07:28,86.38190399610167,37.210580164091766
0:07:29,85.70654599668443,37.09422899325443
0:07:30,86.63070884103541,37.21350235384187
0:07:31,86.53059748581968,37.11430753085154
0:07:32,85.77843398167889,37.24140061427956
0:07:33,86.64571628861093,37.25935428490496
0:07:34,86.61756719096,37.18609785467904
0:07:35,87.49295169780842,37.19555877160746
0:07:36,87.42794992334922,37.2893986583534
0:07:37,87.9787515461963,37.23405525309504
0:07:38,87.9241332236868,37.274509281968996
0:07:39,87.82866431059418,37.288405453726234
0:07:40,89.00637519455215,37.166971824720214
0:07:41,88.32994269080946,37.30489816981208
0:07:42,88.02405063778615,37.17217104015424
0:07:43,88.7385337092337,37.233964812965716
0:07:44,89.13845794474551,37.34678811666937
0:07:45,89.17816534936277,37.22625700510005
0:07:46,89.57499354725968,37.245168136807095
0:07:47,90.29599298829108,37.19777381513204
0:07:48,90.85650347308227,37.351751218214766
0:07:49,90.28692063195535,37.33950393625931
0:07:50,90.29509330087005,37.22137997169177
0:07:51,89.79910137447085,37.255699715495815
0:07:52,90.17613366081748,37.24832971664018
0:07:53,90.67942551161595,37.2178874396343
0:07:54,91.76111135565579,37.407349311199816
0:07:55,91.92061607722819,37.27403450631054
0:07:56,92.70039996640229,37.30878668805166
0:07:57,93.88261626349505,37.38991757454394
0:07:58,94.22075059405198,37.31527565041181
0:07:59,94.16519298147892,37.27356625158715
0:08:00,95.18216747912152,37.32309170593498
0:08:01,96.12525492847382,37.345541816969394
0:08:02,95.88735465022893,37.41445671481143
0:08:03,96.48835698885377,37.32744099008659
0:08:04,96.31487006824337,37.397453988532
0:08:05,97.41754251183235,37.31431373047379
0:08:06,97.65023493272423,37.3986852834479
0:08:07,97.78525809209337,37.49460272511196
0:08:08,98.46240042886686,37.3856399930822
0:08:09,99.02531482530537,37.36763616965071
0:08:10,100.07222370621419,37.476894571907245
0:08:11,100.02818215209535,37.38028656797782
0:08:12,99.98873085850127,37.45463953217666
0:08:13,99.55918087551214,37.39745687695568
0:08:14,100.53453526946741,37.5
0:08:15,100.27323487505653,37.4165261794161
0:08:16,101.40652638056413,37.5
0:08:17,101.5141534041549,37.43743676044995
0:08:18,101.60844019310663,37.5
0:08:19,102.67799935288133,37.5
0:08:20,103.83778265602147,37.47551767253247
0:08:21,103.61368439525175,37.48746204418361
0:08:22,103.977865881458,37.5
0:08:23,103.57233428561521,37.49786419282591
0:08:24,104.02943914208721,37.5
0:08:25,104.01401100787933,37.5
0:08:26,105.10426687071926,37.5
0:08:27,105.82332064245739,37.488314025475546
0:08:28,105.86367114534202,37.5
0:08:29,106.61452513336876,37.5
0:08:30,107.82789724219518,37.5
0:08:31,107.69011535525071,37.5
0:08:32,108.73757109726054,37.5
0:08:33,108.29973075864599,37.5
0:08:34,109.31300103730246,37.5
0:08:35,110.0,37.5
0:08:36,110.0,37.5
0:08:37,109.64510254892689,37.5
0:08:38,109.02010609931466,37.5
0:08:39,109.84673122365338,37.5
0:08:40,109.33784915602406,37.5
0:08:41,109.60138574596023,37.5
0:08:42,110.0,37.5
0:08:43,109.57743867766433,37.5
0:08:44,110.0,37.5
0:08:45,110.0,37.5
0:08:46,109.31801864210087,37.5
0:08:47,109.79139099787301,37.5
0:08:48,110.0,37.5
0:08:49,110.0,37.5
0:08:50,110.0,37.5
0:08:51,110.0,37.5
0:08:52,110.0,37.5
0:08:53,110.0,37.5
0:08:54,109.3622513211094,37.5
0:08:55,108.69333622198097,37.5
0:08:56,109.69735493509363,37.5
0:08:57,110.0,37.5
0:08:58,110.0,37.5
0:08:59,109.42687865874481,37.5
0:09:00,109.5157365131739,37.5
0:09:01,110.0,37.5
0:09:02,109.61953319012405,37.5
0:09:03,109.82640602988302,37.5
0:09:04,110.0,37.5
0:09:05,110.0,37.5
0:09:06,110.0,37.5
0:09:07,110.0,37.5
0:09:08,110.0,37.5
0:09:09,110.0,37.5
0:09:10,110.0,37.5
0:09:11,110.0,37.5
0:09:12,109.84488492654533,37.5
0:09:13,110.0,37.5
0:09:14,110.0,37.5
0:09:15,110.0,37.5
0:09:16,110.0,37.5
0:09:17,110.0,37.5
0:09:18,110.0,37.5
0:09:19,110.0,37.5
0:09:20,110.0,37.5
0:09:21,99.1847015583179,37.5
0:09:22,109.39574630860169,37.5
0:09:23,108.7322997812145,37.5
0:09:24,109.9211462774149,37.5
0:09:25,109.59654711433417,37.5
0:09:26,109.96299221793718,37.5
0:09:27,110.0,37.5
0:09:28,110.0,37.5
0:09:29,110.0,37.5
0:09:30,108.5705505805207,37.5
0:09:31,107.11374606891468,37.5
0:09:32,107.67094561854503,37.5
0:09:33,109.52046868473242,37.5
0:09:34,110.0,37.5
0:09:35,108.84334611807307,37.5
0:09:36,110.0,37.5
0:09:37,109.81824185669163,37.5
0:09:38,110.0,37.5
0:09:39,109.20050140244355,37.5
0:09:40,108.05073946227313,37.5
0:09:41,107.91577153396476,37.5
0:09:42,108.73308059734315,37.5
0:09:43,108.03634670391996,37.5
0:09:44,108.44958770644229,37.5
0:09:45,91.33754690480289,37.5
0:09:46,108.03753088994158,37.5
0:09:47,108.95242751396047,37.5
0:09:48,110.0,37.5
0:09:49,108.27910008204167,37.5
0:09:50,109.51172330583941,37.5
0:09:51,109.37670990009867,37.5
0:09:52,110.0,37.5
0:09:53,109.84505828433323,37.5
0:09:54,110.0,37.5
0:09:55,91.46802764981366,37.5
0:09:56,110.0,37.5
0:09:57,109.15864957753317,37.5
0:09:58,110.0,37.5
0:09:59,110.0,37.5
0:10:00,110.0,37.5
0:10:01,110.0,37.5
0:10:02,110.0,37.5
0:10:03,90.10370015812023,37.5
0:10:04,108.42881851117028,37.5
0:10:05,108.66717420137266,37.5
0:10:06,108.24978582725382,37.5
0:10:07,108.6437941778463,37.5
0:10:08,109.36427556020291,37.5
0:10:09,110.0,37.5
0:10:10,110.0,37.5
0:10:11,110.0,37.5
0:10:12,108.48679064688221,37.5
0:10:13,110.0,37.5
0:10:14,109.63768226407656,37.5
0:10:15,109.76626585793103,37.5
0:10:16,109.3597018838278,37.5
0:10:17,110.0,37.5
0:10:18,108.89231511209194,37.5
0:10:19,109.25045458696503,37.5
0:10:20,108.18380060353003,37.5
0:10:21,109.12137051559593,37.5
0:10:22,108.58630135605394,37.5
0:10:23,109.66789932347497,37.5
0:10:24,125.30358641690282,37.5
0:10:25,109.58776097024955,37.5
0:10:26,108.98351513905935,37.5
0:10:27,108.98663079693455,37.5
0:10:28,109.99214644117276,37.5
0:10:29,108.54955840055496,37.5
0:10:30,107.71999174439841,37.5
0:10:31,109.01663489056168,37.5
0:10:32,110.0,37.5
0:10:33,108.43701626940283,37.5
0:10:34,108.40606313392422,37.5
0:10:35,109.87429406488384,37.5
0:10:36,110.0,37.5
0:10:37,110.0,37.5
0:10:38,109.40842326648745,37.5
0:10:39,110.0,37.5
0:10:40,110.0,37.5
0:10:41,109.58637173789799,37.5
0:10:42,110.0,37.5
0:10:43,110.0,37.5
0:10:44,110.0,37.5
0:10:45,110.0,37.5
0:10:46,110.0,37.5
0:10:47,110.0,37.5
0:10:48,108.20534793171572,37.5
0:10:49,107.42304450511955,37.5
0:10:50,106.04636638820568,37.5
0:10:51,105.38652325048278,37.5
0:10:52,106.3769037997535,37.5
0:10:53,107.46362260115167,37.5
0:10:54,107.24185927677222,37.5
0:10:55,108.18343572733369,37.5
0:10:56,107.56211193666985,37.5
0:10:57,107.77382849794125,37.5
0:10:58,109.08230866146364,37.5
0:10:59,107.460554961519,37.5
0:11:00,108.53617081056707,37.5
0:11:01,109.34480125406247,37.5
0:11:02,110.0,37.5
0:11:03,110.0,37.5
0:11:04,110.0,37.5
0:11:05,110.0,37.5
0:11:06,108.19283648225823,37.5
0:11:07,109.26332767874563,37.5
0:11:08,108.28589839656237,37.5
0:11:09,107.34767929811258,37.5
0:11:10,108.65451477711002,37.5
0:11:11,107.06224369259081,37.5
0:11:12,107.5271164469895,37.5
0:11:13,108.97923031156174,37.5
0:11:14,109.38248588005938,37.5
0:11:15,109.10369694984331,37.5
0:11:16,110.0,37.5
0:11:17,109.65579824885505,37.5
0:11:18,109.30063368201975,37.5
0:11:19,107.60764446648174,37.5
0:11:20,105.702252921519,37.5
0:11:21,107.20376408573777,37.5
0:11:22,105.94233761691639,37.5
0:11:23,105.65033221076027,37.5
0:11:24,106.44409436728219,37.5
0:11:25,105.80167811585885,37.5
0:11:26,107.19930391247355,37.5
0:11:27,108.0034223993301,37.5
0:11:28,108.75308998388424,37.5
0:11:29,110.0,37.5
0:11:30,109.6903347673739,37.5
0:11:31,110.0,37.5
0:11:32,108.20514700988748,37.5
0:11:33,107.61233057580814,37.5
0:11:34,109.13308937950035,37.5
0:11:35,109.53335632757044,37.5
0:11:36,110.0,37.5
0:11:37,108.87208615242479,37.5
0:11:38,109.22780059588116,37.5
0:11:39,108.35322819197476,37.5
0:11:40,106.71637856412379,37.5
0:11:41,106.52838719327985,37.5
0:11:42,106.08250551500127,37.5
0:11:43,105.85964316049804,37.5
0:11:44,104.34157011534485,37.5
0:11:45,104.46693802176964,37.5
0:11:46,104.95894038247253,37.5
0:11:47,106.85908467816982,37.5
0:11:48,107.09612593402213,37.5
0:11:49,100.0,37.5
0:11:50,99.82380403127242,37.5
0:11:51,98.95579693720548,37.5
0:11:52,99.08419318682553,37.5
0:11:53,98.05537662842372,37.5
0:11:54,98.02535027225866,37.5
0:11:55,98.24857664261144,37.5
0:11:56,98.44721615649068,37.5
0:11:57,97.65950814487535,37.5
0:11:58,96.70297839314901,37.5
0:11:59,96.6183856090689,37.5
0:12:00,95.86862453518815,37.5
0:12:01,95.34611281890669,37.5
0:12:02,95.93144973332846,37.5
0:12:03,95.91472807200913,37.5
0:12:04,94.94461559991136,37.5
0:12:05,95.56593835850244,37.5
0:12:06,94.91005385591416,37.5
0:12:07,95.35331476349512,37.5
0:12:08,94.15495918682619,37.5
0:12:09,94.20555364678465,37.5
0:12:10,94.130895147634,37.5
0:12:11,94.00425648644699,37.5
0:12:12,92.72260724843255,37.5
0:12:13,92.93752236568871,37.5
0:12:14,93.62933038423574,37.5
0:12:15,92.94575374777874,37.5
0:12:16,92.02629766207299,37.49355030607898
0:12:17,90.84894326083902,37.5
0:12:18,91.27638166773777,37.49304605749391
0:12:19,91.41016690909763,37.5
0:12:20,90.21733264776762,37.48181303996944
0:12:21,89.81860871678583,37.5
0:12:22,89.75066090847749,37.5
0:12:23,89.302799287979,37.485659806351954
0:12:24,89.57105913514083,37.5
0:12:25,88.62286199903481,37.5
0:12:26,87.89101937938402,37.4974331743315
0:12:27,86.72867758202663,37.41122093281262
0:12:28,87.19152574968592,37.46526586972247
0:12:29,86.13071208297802,37.439674298218755
0:12:30,85.98372458878308,37.370338976670276
0:12:31,86.11329351688677,37.46718573897975
0:12:32,86.49853279589263,37.44570540232126
0:12:33,85.6882940906964,37.4568694172273
0:12:34,86.37892545512408,37.49773733602195
0:12:35,87.0242587502551,37.391285525937725
0:12:36,86.65754521498289,37.5
0:12:37,85.85950066891432,37.34656515293634
0:12:38,85.69947569594956,37.3960519339031
0:12:39,85.12096083766515,37.445455240136575
0:12:40,85.71958098885622,37.399151597497124
0:12:41,84.47847438648576,37.47734982466484
0:12:42,84.86156714636884,37.39427471652665
0:12:43,84.86329914637057,37.30130920367482
0:12:44,84.98425882297194,37.41205636677539
0:12:45,84.25280195125094,37.44276016765272
0:12:46,83.23710005142262,37.319817396498046
0:12:47,82.3761803219749,37.36735520097019
0:12:48,81.87461891625233,37.358646190009964
0:12:49,82.33560112303256,37.32657625665591
0:12:50,82.83996298377197,37.31487698357534
0:12:51,82.19481013624306,37.423444909853394
0:12:52,81.66849498974933,37.2739167442908
0:12:53,81.05602303729097,37.2960811184788
0:12:54,81.28086438808973,37.36603647031686
0:12:55,80.33920484821418,37.249537355166844
0:12:56,79.6481334516967,37.31308848086934
0:12:57,78.75582425499317,37.40192232688944
0:12:58,77.95942144176897,37.28188702186907
0:12:59,78.33266813175213,37.33694913137577
0:13:00,78.59912638741373,37.26344522811783
0:13:01,78.7384024965532,37.28997787291736
0:13:02,77.85682405929498,37.19674606041671
0:13:03,76.80222555378135,37.35804075118166
0:13:04,76.2953579935248,37.31180924430347
0:13:05,56.53113862285535,37.183226659989046
0:13:06,75.31152069027975,37.20695338860724
0:13:07,75.8123282553076,37.294050216725736
0:13:08,76.10295395964178,37.230423244787104
0:13:09,76.63132754673998,37.18295507505127
0:13:10,75.34142707298523,37.278391176064204
0:13:11,75.21373023423958,37.14735683080573
0:13:12,74.80999809796847,37.30821440299327
0:13:13,74.83336660547383,37.20578250257709
0:13:14,75.21340561914707,37.118953346958776
0:13:15,74.95135899500676,37.154953340433465
0:13:16,75.47059201493914,37.18507342938076
0:13:17,75.57784672522487,37.12126779932133
0:13:18,75.96704043599134,37.122889353084005
0:13:19,74.69864605989746,37.183715420328
0:13:20,74.20471881206564,37.21271564971465
0:13:21,73.29358926843655,37.14125878869006
0:13:22,72.49711264056647,37.09711630504594
0:13:23,73.10458774655356,37.12151211736638
0:13:24,73.18655863187205,37.14051696297949
0:13:25,73.23620518644913,37.189000137045014
0:13:26,72.76473369463278,37.11869308173613
0:13:27,72.1021064573578,37.067418585851286
0:13:28,71.37258794027642,37.22783112597129
0:13:29,70.3267843454787,37.21604432051617
0:13:30,69.61605395878203,37.14440165874572
0:13:31,69.71936047964881,37.052466622246
0:13:32,68.6281266247209,37.03675460380384
0:13:33,67.49974353588979,37.00700929592799
0:13:34,66.9977317258205,37.17289758901944
0:13:35,66.79327979435884,37.005158279379195
0:13:36,66.23281528297538,37.04095147149817
0:13:37,65.30609261209455,37.10746055366319
0:13:38,64.63465830454464,37.12843354027065
0:13:39,63.66180048886176,37.01938154034566
0:13:40,62.98026348311853,37.06514732906901
0:13:41,62.71549776718037,37.014512963626466
0:13:42,62.88483334887173,36.98183440566443
0:13:43,63.382529039684094,36.96865669879097
0:13:44,46.566728225453254,37.029264229772835
0:13:45,63.55015531604214,36.90060304478095
0:13:46,63.22651147769465,36.96490678441035
0:13:47,63.486726555481,36.93539486450369
0:13:48,63.46792297201092,36.98270516421946
0:13:49,64.05562091992758,36.966454017315606
0:13:50,63.59558651389844,36.976931851625366
0:13:51,63.29413082408617,37.05678812257902
0:13:52,50.624923610545494,36.96305918932951
0:13:53,62.83171896531931,36.984665198862096
0:13:54,63.47256337983609,37.04967396134574
0:13:55,62.95567561801925,36.89589998454811
0:13:56,63.065177687293165,37.04115688190185
0:13:57,63.474533334846875,36.991043792704026
0:13:58,63.48613203414015,37.02797846547804
0:13:59,63.116189480521456,36.94017562342928
0:14:00,63.10501466775501,36.885565910133145
0:14:01,63.512813672520814,36.99482396827975
0:14:02,63.58450495147544,36.85495141215465
0:14:03,63.49500936785996,36.99583768348048
0:14:04,63.03467206922148,36.89853442198448
0:14:05,62.26576820238397,36.823262123479616
0:14:06,62.74372287458836,36.82021293428288
0:14:07,77.55738671436947,36.96477426252383
0:14:08,62.08362344709646,36.9031209162433
0:14:09,63.680790968621594,36.86720847591015
0:14:10,62.628097713167044,36.99746712318327
0:14:11,61.29618099482862,36.90530118107568
0:14:12,62.799930777519684,36.828473487759595
0:14:13,61.84672077100761,36.822344357851804
0:14:14,62.74520911324605,36.937833308306374
0:14:15,62.15961102897352,36.923586624059176
0:14:16,62.85512090972943,36.89732265890045
0:14:17,62.547125429171686,36.95630374186676
0:14:18,64.01489612967492,36.84372444395869
0:14:19,63.31420631512665,36.84237548963366
0:14:20,63.013243442842985,36.78398617878947
0:14:21,62.06858633078208,36.79757738818747
0:14:22,61.55291332818421,36.95581057313615
0:14:23,61.240838142876726,36.817856098815405
0:14:24,59.49888947298405,36.85826429590078
0:14:25,58.53652668540384,36.796459219112
0:14:26,76.12765313603046,36.798313673356276
0:14:27,60.99115760135269,36.82163728134571
0:14:28,62.393633176174085,36.8915095473229
0:14:29,61.36539424821773,36.80153334063506
0:14:30,63.16696870881506,36.84532497921756
0:14:31,64.20646094059008,36.93199190520648
0:14:32,63.97917349286084,36.806639292680906
0:14:33,63.83771485209409,36.76588976379134
0:14:34,63.914488523079235,36.84992287576737
0:14:35,64.78526371873197,36.82308044132618
0:14:36,65.32588766964136,36.87576711427901
0:14:37,65.52263896074071,36.79863251091356
0:14:38,65.27788822458947,36.83698200807709
0:14:39,65.55932667322121,36.78831946356206
0:14:40,65.57446248095854,36.86461220320341
0:14:41,66.20415381647499,36.86962485161516
0:14:42,64.58503124156759,36.797956207061745
0:14:43,65.99472944591982,36.806612108975905
0:14:44,66.5235802047519,36.94109700476105
0:14:45,66.85628769570924,36.80621750365693
0:14:46,65.72569135804072,36.87802076796028
0:14:47,66.76680133442456,36.904070086249675
0:14:48,65.2771173020492,36.89286651385952
0:14:49,67.264662985005,36.86936114752115
0:14:50,66.01117611937052,36.79821139183817
0:14:51,67.53027781211188,36.81721164167446
0:14:52,68.56756674905962,36.94026645415988
0:14:53,66.56950932145574,36.81093474204107
0:14:54,66.81889671743807,36.99820710968845
0:14:55,66.12778993765686,36.87900400494395
0:14:56,64.83560489356069,36.87937458092218
0:14:57,66.45332723157692,36.96884774803966
0:14:58,66.34468402853479,36.980397104702334
0:14:59,65.71462444068283,37.0053822738518
0:15:00,66.35744000717708,36.93165062761294
0:15:01,66.13892920670274,36.96793492671798
0:15:02,66.0242309326541,36.86417909114961
0:15:03,66.64502656119768,36.970889821451
0:15:04,66.42022832442571,36.964623603125915
0:15:05,64.50950793730152,36.9547370933355
0:15:06,66.01497499058311,36.995295795308884
0:15:07,65.93721995872409,36.89804284836196
0:15:08,67.52837284211965,36.86074861372056
0:15:09,69.05541347509694,36.97289693329574
0:15:10,69.73994066044321,36.88560130261195
0:15:11,71.57540919477277,36.87439842383078
0:15:12,72.61425577920548,36.9815598420544
0:15:13,72.83471951089257,36.9438784394836
0:15:14,84.13647771178505,36.961464348170466
0:15:15,71.41002117312279,36.850979226243176
0:15:16,70.3118678206858,36.91981753602606
0:15:17,69.12550805902193,37.014685135305726
0:15:18,71.03803675806546,36.93458652978716
0:15:19,71.81603133091643,37.01401583195984
0:15:20,70.33622896886516,37.043407166827535
0:15:21,69.88190446790867,36.91370234593612
0:15:22,71.71485333866265,37.004279333877875
0:15:23,71.23562617034759,36.90534593509372
0:15:24,70.1817713428794,36.99669816295581
0:15:25,69.79385941359321,37.029707542469694
0:15:26,68.24411335317997,37.05176137394593
0:15:27,67.24542065699157,36.93865513332771
0:15:28,69.09155438556847,36.900408882088435
0:15:29,69.93757789765111,36.9382526322051
0:15:30,71.67875812394865,36.93728150241582
0:15:31,73.41505539880613,36.91540858434062
0:15:32,72.78768392028535,36.891065483205175
0:15:33,58.12903042725615,36.91099594942559
0:15:34,74.9941781195248,37.05314739376608
0:15:35,75.27505665964027,36.919029113218954
0:15:36,74.4292406067929,37.01922038276672
0:15:37,73.35652489291184,36.93814228854858
0:15:38,71.5025375781794,36.97047991266154
0:15:39,57.492778904729256,37.03167839659898
0:15:40,72.18105410050251,36.931693876400026
0:15:41,88.24464369858755,36.98394678943045
0:15:42,71.16940284281826,37.0405639368781
0:15:43,72.67424887187244,36.943074681609204
0:15:44,73.73517851813583,37.03882995729844
0:15:45,73.41418021790284,37.076800354437246
0:15:46,75.07219753290666,36.93782620533758
0:15:47,73.52813493801943,36.99033759671819
0:15:48,73.6286923880627,37.00384123429314
0:15:49,72.6393334059082,36.9549089688342
0:15:50,73.90182331076375,37.12631042408721
0:15:51,75.04790799112021,37.0545503971749
0:15:52,76.91277724418619,37.093551849817096
0:15:53,78.7546392855569,37.041827305917025
0:15:54,79.64245209498054,36.97849666576483
0:15:55,81.61121663883667,36.96725290016544
0:15:56,81.86392656168525,37.006383158341436
0:15:57,81.72007492900075,36.985006592271034
0:15:58,81.72129636252139,37.178363676141615
0:15:59,83.45650234326473,37.11677535526647
0:16:00,84.49208931040702,37.16302076828919
0:16:01,83.45222401440776,37.08136083575088
0:16:02,85.25812352078242,37.113344512161994
0:16:03,83.47384217121892,37.167325297728304
0:16:04,84.25735537716305,37.224795054644204
0:16:05,84.68733951162952,37.07452040051623
0:16:06,83.02245542911345,37.22262785230609
0:16:07,83.3849398988213,37.108504311204186
0:16:08,83.65090661613868,37.07651639740576
0:16:09,83.56700649123538,37.07397063624244
0:16:10,85.02818043888475,37.170592011492054
0:16:11,86.20951218112191,37.130373005998294
0:16:12,85.5551013586715,37.27871250550003
0:16:13,85.14159428336868,37.21607180963616
0:16:14,86.48510715945316,37.23899115291292
0:16:15,85.56218510747017,37.117286331646866
0:16:16,86.2445588416035,37.12909675070394
0:16:17,86.82502366520404,37.15785210901625
0:16:18,86.75718316680913,37.25271977104195
0:16:19,87.87346525412413,37.214104397624915
0:16:20,86.09889825600284,37.19458643472142
0:16:21,86.12921215178837,37.25606040281369
0:16:22,84.72503831465683,37.202917655508955
0:16:23,84.50227933389226,37.19857307022731
0:16:24,85.8008086213114,37.16600962841571
0:16:25,87.01445364009358,37.31219505518675
0:16:26,88.93094420990234,37.350476413568614
0:16:27,90.35942706298037,37.20608113467249
0:16:28,91.17383211435845,37.25099020322134
0:16:29,92.74895667535257,37.1863202864647
0:16:30,94.46076192542115,37.3619423865225
0:16:31,94.01841327327682,37.38968467258
0:16:32,94.6684419080987,37.283098862766124
0:16:33,93.09511494364165,37.287725588288566
0:16:34,92.29959819045294,37.41217951663102
0:16:35,105.29582237459813,37.24117995412755
0:16:36,93.8075929166665,37.33607437426381
0:16:37,93.34515978108213,37.30016699150966
0:16:38,91.78405299838177,37.26315759816318
0:16:39,91.44833722951158,37.41963028040443
0:16:40,89.5859858937015,37.38918156212604
0:16:41,88.35145399930519,37.44604232223087
0:16:42,88.1082255357245,37.43041822313186
0:16:43,88.40729894674791,37.29892920514592
0:16:44,87.77664858522256,37.431011934912725
0:16:45,86.2938466881453,37.38408364760755
0:16:46,87.78242735633552,37.37711607176396
0:16:47,86.15430675602688,37.36861086075476
0:16:48,86.2177582796071,37.296854093376396
0:16:49,85.53279364081057,37.432116697132564
0:16:50,84.36806542416535,37.24879735877963
0:16:51,83.53976149859923,37.277431467186986
0:16:52,84.73793435507605,37.397053544949856
0:16:53,85.39424265664664,37.42117895041493
0:16:54,85.3146853617733,37.37239478667496
0:16:55,83.92512347812014,37.35337718743951
0:16:56,84.07762801909492,37.43036726190823
0:16:57,84.00046759342862,37.27407722623422
0:16:58,82.75652540243833,37.28315175567769
0:16:59,84.60872477543562,37.27359269508411
0:17:00,86.54640157053332,37.374054614260295
0:17:01,84.84806822842027,37.25279640700135
0:17:02,84.11147614798058,37.311290439827886
0:17:03,82.54859440583917,37.39891764956578
0:17:04,83.27683143679579,37.23616162157425
0:17:05,84.44894116304502,37.23270500409626
0:17:06,84.53672874115443,37.2343237226872
0:17:07,82.90615941938047,37.27828695369691
0:17:08,84.60880223209679,37.26640077761272
0:17:09,83.10721788899116,37.259361521337375
0:17:10,83.54677411505067,37.27040102905586
0:17:11,82.4584971340263,37.20715046374286
0:17:12,81.75930300323367,37.29137498232356
0:17:13,82.09064212643464,37.34129593263898
0:17:14,81.97989653127887,37.21744012287974
0:17:15,80.29710943213585,37.30447144526564
0:17:16,80.68957881612711,37.224168833904464
0:17:17,80.09697660371725,37.36385196931069
0:17:18,79.05720519207394,37.35267489923171
0:17:19,79.48820410135,37.2930940778602
0:17:20,80.0436665649208,37.34232192192754
0:17:21,79.17936643586988,37.2467569046487
0:17:22,80.82111249776156,37.235502101942686
0:17:23,79.19264229621233,37.25444659060904
0:17:24,79.61726921575033,37.15802587147558
0:17:25,78.66886854194176,37.25290345448535
0:17:26,79.49768889582288,37.24904562228262
0:17:27,81.16945096338965,37.18065666142393
0:17:28,80.88318173993733,37.29620780163094
0:17:29,81.2566402799707,37.303232594760416
0:17:30,80.78965920410262,37.26166650831966
0:17:31,79.52134098587273,37.222954179571495
0:17:32,77.62147507349862,37.290172012685254
0:17:33,78.80145110643313,37.30689053572798
0:17:34,77.82445405840654,37.24838354170234
0:17:35,79.03370458901365,37.225499303685886
0:17:36,79.64776386237143,37.22132652855722
0:17:37,78.85007188443916,37.1852337106886
0:17:38,77.63989040007733,37.220767323529586
0:17:39,78.68470092315766,37.218421690186126
0:17:40,77.56065433173393,37.28364883871151
0:17:41,78.33485982798778,37.133163374242145
0:17:42,77.69864968767276,37.19957407373746
0:17:43,78.8931661789208,37.272699724391096
0:17:44,77.95519465302557,37.12587985352141
0:17:45,76.46010051922997,37.204924180738956
0:17:46,74.86416433783101,37.13443077889701
0:17:47,76.65857398589714,37.15407207465572
0:17:48,77.4913934447276,37.25783882447131
0:17:49,80.0,37.289817652141735
0:17:50,80.99482310972257,37.23936971686153
0:17:51,82.12887247902437,37.183966707388464
0:17:52,82.40731298582666,37.141014135597246
0:17:53,82.34297392396107,37.281925755881645
0:17:54,83.42745217726633,37.114398508692226
0:17:55,84.27798190510931,37.29669265345867
0:17:56,85.38105868146113,37.166930389649586
0:17:57,85.64765149499969,37.23499352801074
0:17:58,86.76749727697522,37.29165925585911
0:17:59,86.61738556532298,37.149325768316146
0:18:00,87.4016385116586,37.317899524221396
0:18:01,86.98394464265493,37.272056669519685
0:18:02,87.2082080927919,37.27591798551293
0:18:03,88.0231981347731,37.33549796434969
0:18:04,87.3276516891466,37.23771867608083
0:18:05,87.16410656778288,37.27814637135912
0:18:06,86.8788150590386,37.273496341970095
0:18:07,86.75741474157884,37.36502350890754
0:18:08,86.81031408553264,37.26768948352541
0:18:09,87.80820799911542,37.28706359601867
0:18:10,87.22377015897301,37.21017693487098
0:18:11,87.039397104771,37.24734559855549
0:18:12,87.31641874225508,37.370327873715475
0:18:13,76.8990959580675,37.21211065282817
0:18:14,87.04691816244767,37.3799943543873
0:18:15,86.36950563291948,37.357178050482744
0:18:16,97.33988811747345,37.375483040428044
0:18:17,86.81918165669796,37.30160295875228
0:18:18,86.7228934076317,37.302620065100015
0:18:19,87.50421071567398,37.26831147018492
0:18:20,87.32309928805368,37.37258262301809
0:18:21,87.35662707700858,37.30438802714821
0:18:22,87.27072756835294,37.347538820348625
0:18:23,87.62513029233502,37.28262604730423
0:18:24,88.8354368976292,37.38399707517489
0:18:25,89.90320966629537,37.255955354332286
0:18:26,89.48403841680003,37.335146159645916
0:18:27,90.17543673925171,37.40125110484627
0:18:28,91.17078720850972,37.281888416499136
0:18:29,90.49919896521817,37.280887939247286
0:18:30,91.62290391810554,37.2897271392074
0:18:31,92.51174201416217,37.31176233812206
0:18:32,93.62249792598412,37.34073151483944
0:18:33,93.0179910219089,37.454589753954735
0:18:34,94.21425720727656,37.45211220743696
0:18:35,94.19398873274889,37.28286047814327
0:18:36,94.15407108076793,37.3691736357746
0:18:37,95.25523497440196,37.47050200349862
0:18:38,95.38896664218103,37.3547618257851
0:18:39,95.5020950256554,37.29773437210971
0:18:40,96.3648989445919,37.30882161695692
0:18:41,96.59544770195308,37.39899393180979
0:18:42,96.07250565994092,37.445812796744555
0:18:43,95.98206138531887,36.24008814215134
0:18:44,97.18811419101121,37.46870786041243
0:18:45,98.15812448292189,37.45487117526325
0:18:46,84.78545761425116,37.44628081872605
0:18:47,104.71872111455147,37.45068952536197
0:18:48,98.84651116348773,37.452088381429064
0:18:49,98.59520580110129,37.5
0:18:50,98.57865692409533,37.419410587096756
0:18:51,99.55741173224307,37.42042980099672
0:18:52,100.15844962970179,37.41602802383555
0:18:53,100.53055850436962,37.43288226740968
0:18:54,100.80008626965119,37.42012813666858
0:18:55,101.97892476631264,37.5
0:18:56,102.02428888165846,37.46404938923841
0:18:57,102.85114348176108,37.5
0:18:58,102.83567078229336,37.5
0:18:59,103.26439177693618,37.44365135874892
0:19:00,102.80853804698077,37.458974792609546
0:19:01,102.11027244067552,37.5
0:19:02,102.74557799278185,37.45214333111602
0:19:03,102.17428341448132,37.5
0:19:04,103.09376558881715,37.5
0:19:05,102.49393456300031,37.49290819493894
0:19:06,101.97044890939347,37.5
0:19:07,100.6562645070437,37.5
0:19:08,100.61795140746877,37.497317684886625
0:19:09,100.8457934787785,37.5
0:19:10,99.90164471568444,37.48602043342955
0:19:11,98.37900956440406,37.5
0:19:12,97.51091287378381,37.5
0:19:13,99.09578859926721,37.5
0:19:14,82.26742608309306,37.5
0:19:15,99.93928816633884,37.5
0:19:16,98.34039973392055,37.480037625435735
0:19:17,96.3957167456997,37.48660972518695
0:19:18,97.50036040542336,37.5
0:19:19,96.20465433616272,37.5
0:19:20,97.88188259931496,37.5
0:19:21,96.06486398683089,37.5
0:19:22,95.59824193901261,37.5
0:19:23,97.29426745559653,37.5
0:19:24,97.30507298737905,37.49783952361956
0:19:25,98.47068127880033,37.5
0:19:26,99.33259501359798,37.5
0:19:27,100.5003674996373,37.5
0:19:28,101.98205987847138,37.5
0:19:29,102.55631907671315,37.49316582667739
0:19:30,103.22259545786864,37.49575314730883
0:19:31,101.88888145230729,37.5
0:19:32,103.88590249273747,37.5
0:19:33,104.64463038423919,37.5
0:19:34,103.24992283453334,37.5
0:19:35,103.74909092348652,37.5
0:19:36,103.8099902263161,37.5
0:19:37,102.6358680631248,37.5
0:19:38,103.075498750438,37.5
0:19:39,102.25607782276882,37.5
0:19:40,102.74877459528682,37.5
0:19:41,103.55724214504187,37.5
0:19:42,101.5950005038659,37.5
0:19:43,101.35438960165114,37.5
0:19:44,101.5956416001012,37.5
0:19:45,102.6972620877704,37.5
0:19:46,101.80506934759424,37.5
0:19:47,89.43168164582636,37.5
0:19:48,102.04658248528499,37.5
0:19:49,103.0269500655918,37.5
0:19:50,101.21850239379184,37.5
0:19:51,101.03818661198348,37.5
0:19:52,101.11681163038358,37.5
0:19:53,99.3704447414054,37.5
0:19:54,98.1716273516892,37.5
0:19:55,97.24163083880042,37.5
0:19:56,97.36594917543339,37.5
0:19:57,97.50734844600908,37.5
0:19:58,96.19445309205183,37.5
0:19:59,97.8534445731658,37.5
0:20:00,86.94657258053475,37.5
0:20:01,98.65294829157227,37.5
0:20:02,100.27919095976067,37.5
0:20:03,100.06827148653763,37.5
0:20:04,98.58176949527169,37.5
0:20:05,98.26249757491193,37.5
0:20:06,99.55796698953145,37.5
0:20:07,99.29218134141202,37.5
0:20:08,100.36037349537438,37.5
0:20:09,100.69319311762153,37.5
0:20:10,100.60885723697481,37.5
0:20:11,118.23823226833917,37.5
0:20:12,101.9920025576453,37.5
0:20:13,101.14193055292654,37.5
0:20:14,102.22071435546955,37.5
0:20:15,101.61209134760934,37.5
0:20:16,100.2342770573285,37.5
0:20:17,99.75622371860504,37.5
0:20:18,100.00648250544096,37.5
0:20:19,101.67733623376859,37.5
0:20:20,102.46781557083298,37.5
0:20:21,100.0,37.5
0:20:22,100.0,37.5
0:20:23,100.0,37.5
0:20:24,100.0,37.5
0:20:25,99.45137775473292,37.5
0:20:26,98.57327527216513,37.5
0:20:27,98.92071901893163,37.5
0:20:28,99.37027462765678,37.5
0:20:29,98.46799442184016,37.5
0:20:30,98.1795840228225,37.5
0:20:31,98.8332162850661,37.5
0:20:32,98.4343643290949,37.5
0:20:33,97.4801532477916,37.5
0:20:34,97.0717198029081,37.5
0:20:35,97.65721987433454,37.5
0:20:36,97.23043023302766,37.5
0:20:37,96.44249846384962,37.5
0:20:38,96.71880778608184,37.5
0:20:39,95.73649714269357,37.5
0:20:40,94.65480638048176,37.5
0:20:41,94.29053753150427,37.5
0:20:42,93.69853518041687,37.5
0:20:43,94.33322092545434,37.48065851128292
0:20:44,94.0371651092668,37.5
0:20:45,93.19778656012791,37.5
0:20:46,92.15006126802997,37.5
0:20:47,91.1591553781672,37.5
0:20:48,91.90423538437358,37.46430887136625
0:20:49,91.48389848718284,37.5
0:20:50,91.5279446718031,37.5
0:20:51,92.1257154228872,37.48849784116256
0:20:52,92.21048832857166,37.41925402709444
0:20:53,91.56019557977045,37.5
0:20:54,91.42667543518934,37.5
0:20:55,91.8485828166335,37.43950819278312
0:20:56,91.8697709075887,37.5
0:20:57,92.13614211135435,37.5
0:20:58,92.65408002428363,37.4758829722986
0:20:59,92.09050192477476,37.483120591479285
0:21:00,91.76216517147299,37.5
0:21:01,91.0880275584414,37.5
0:21:02,90.14680094037803,37.45275878850468
0:21:03,89.46992590141433,37.5
0:21:04,88.90333786050954,37.5
0:21:05,89.5168667156678,37.405098426229046
0:21:06,88.63658744903545,37.399490728197826
0:21:07,88.16703326165984,37.5
0:21:08,87.10707328828092,37.5
0:21:09,86.99844037683883,37.48104075692261
0:21:10,86.03672829230888,37.41137191091152
0:21:11,85.76507420364675,37.498759409857925
0:21:12,85.29671623909543,37.45935430604082
0:21:13,84.60438658828721,37.323037926306824
0:21:14,83.50410614645874,37.32729831190927
0:21:15,83.59612935585275,37.321644052349015
0:21:16,82.52094599319256,37.492106880391454
0:21:17,82.81527710099944,37.303878881860676
0:21:18,82.78372087846766,37.36525818289965
0:21:19,82.88040911372889,37.386575365396666
0:21:20,83.60738415746575,37.44908733371416
0:21:21,84.3127740681137,37.34924779114465
0:21:22,84.00976545601523,37.36307651929823
0:21:23,84.33924113095097,37.363792132158856
0:21:24,85.17411605874605,37.29267888156128
0:21:25,85.14998965459503,37.442518689753186
0:21:26,84.64232168795685,37.3029885023431
0:21:27,85.51483863954334,37.331993912618564
0:21:28,84.73620908891323,37.40195614110488
0:21:29,84.49441660592987,37.43356844796184
0:21:30,84.8899152249733,37.29884174714108
0:21:31,83.91259144980788,37.2649269453218
0:21:32,82.8662023297269,37.42613149758836
0:21:33,83.47656987278012,37.37281336266565
0:21:34,73.03731098202107,37.42584863143613
0:21:35,83.39176075403586,37.42248204482992
0:21:36,83.71018251786204,37.370694710344615
0:21:37,83.29736243175392,37.3422534737059
0:21:38,82.5911417631668,37.29978465788438
0:21:39,83.12291162431694,37.404021091948444
0:21:40,83.77619560894024,37.24883923778881
0:21:41,83.97600541906996,37.24326048129948
0:21:42,83.28094516714367,37.38137654719613
0:21:43,83.70367573553122,37.25823478969686
0:21:44,84.45170262314417,37.249209061712044
0:21:45,64.52684830397114,37.38812921170579
0:21:46,83.07477350092744,37.215820655286606
0:21:47,83.75984434708324,37.30543269764498
0:21:48,82.79043064303457,37.20253796077215
0:21:49,83.31151989573702,37.20812443566948
0:21:50,83.45372677637572,37.345575238151774
0:21:51,83.1796714075867,37.275625615194336
0:21:52,82.3340394461677,37.265117368671
0:21:53,82.11525068211131,37.229340067738576
0:21:54,81.95384590751182,37.27647387897824
0:21:55,80.88519817504978,37.297676134943316
0:21:56,80.26958316139525,37.320531923386525
0:21:57,79.43347234818502,37.29157938400151
0:21:58,79.45208453714429,37.34778490904678
0:21:59,79.90578391369479,37.244335639403324
0:22:00,78.90636758165905,37.20976761389483
0:22:01,78.17465103862818,37.33583711956154
0:22:02,77.66044756153954,37.22202149227641
0:22:03,78.37584262151269,37.333273782501244
0:22:04,77.82027017531863,37.31654421458876
0:22:05,89.66736435142381,37.28337846703027
0:22:06,77.93496513112844,37.24735550524068
0:22:07,78.20320182017667,37.276644398274875
0:22:08,65.15903224451625,37.18325123791399
0:22:09,77.81880700104674,37.32165379336126
0:22:10,78.51679553658992,37.19254678046628
0:22:11,77.92229110428791,37.3068867429691
0:22:12,78.40574563269917,37.1244417229255
0:22:13,77.39813739043053,37.24718165119473
0:22:14,76.35198269508614,37.219992870676734
0:22:15,77.19022771356197,37.16672717779501
0:22:16,76.81032034489317,37.29076518175246
0:22:17,76.8954982145248,37.17735901528111
0:22:18,76.30832946870918,37.255855813559734
0:22:19,75.86779570584596,37.26294567070329
0:22:20,74.96108649775421,37.17741801362815
0:22:21,75.60726267994238,37.13081414905221
0:22:22,76.19761063800696,37.19758119544503
0:22:23,76.6662626762571,37.20557657853775
0:22:24,76.7874071551181,37.097373427482204
0:22:25,76.73987982855242,37.24818902665742
0:22:26,77.46661245061232,37.192449170757875
0:22:27,77.56765573024536,37.26466835177778
0:22:28,77.65645147541417,37.115526292355376
0:22:29,76.53553449482276,37.150352130745254
0:22:30,75.64703738006892,37.16743525332777
0:22:31,75.18330698446911,37.1633583610244
0:22:32,62.766988658476265,37.06106049936
0:22:33,74.61832699520905,37.07547158755121
0:22:34,73.95889069363714,37.06428363640056
0:22:35,72.8821163255448,37.11827497164094
0:22:36,72.46056836499149,37.13627400096065
0:22:37,73.28996468082993,37.08756695056753
0:22:38,72.21597001140888,37.054254301031634
0:22:39,71.42132563340347,37.12437027331296
0:22:40,70.67041386452867,37.17697373972377
0:22:41,71.26132551694323,37.074671867322955
0:22:42,70.99062372830447,35.887466538774255
0:22:43,70.8044271229019,37.08849827510535
0:22:44,69.89999169557548,37.1887819630255
0:22:45,70.40109799725177,37.137531616677414
0:22:46,69.7411519779182,37.15882978025179
0:22:47,70.42852965916966,37.05983335532949
0:22:48,71.19969786250032,36.9999163334029
0:22:49,70.22184067351915,37.01161683182473
0:22:50,70.4119399455723,36.98286840817911
0:22:51,70.40911035230906,37.09818991599857
0:22:52,71.23673459899612,37.11714926257852
0:22:53,70.48853599328942,37.02119651112956
0:22:54,70.50596946593494,37.157084727999916
0:22:55,70.09076843471901,37.03201260362696
0:22:56,70.92107065329348,37.04042937245306
0:22:57,71.6547884720847,37.07621539707614
0:22:58,71.3027004388264,37.08221193288124
0:22:59,70.46169859607875,37.00230032133487
0:23:00,70.7297340114932,36.98931252872872
0:23:01,69.66222104400433,37.08205739252949
0:23:02,69.75989318707411,37.11836849230652
0:23:03,69.19889501642302,37.053702806239095
0:23:04,68.22906538929963,37.004412594433255
0:23:05,68.97167828683594,37.07955910032291
0:23:06,68.91930744771207,36.957213511515604
0:23:07,68.24939414677242,36.99175220759254
0:23:08,67.46943613471005,37.12282138106041
0:23:09,67.89966220010083,37.085990448591865
0:23:10,67.2056292867799,37.09804382726597
0:23:11,66.92903022427897,36.98932115731965
0:23:12,67.01039718278197,37.03043426810996
0:23:13,52.50411150220981,36.93899584885008
0:23:14,66.79846568857694,36.96413900262166
0:23:15,65.85605983220451,36.91707263171627
0:23:16,66.18794498127376,36.989699878198344
0:23:17,66.0474658329348,36.961008511449535
0:23:18,66.76059922946196,36.904884676868505
0:23:19,67.25227734687896,37.00021391517643
0:23:20,66.36008311791693,36.90707473085218
0:23:21,67.06535579577242,36.92790745344404
0:23:22,66.59409775194388,37.073312085865325
0:23:23,65.90648412831494,37.03377159415521
0:23:24,65.77835283278824,36.87876109712678
0:23:25,65.90232479292045,36.959650832727064
0:23:26,65.43417241225629,36.919819874234946
0:23:27,64.60771239383375,36.92249078198784
0:23:28,65.34391915727741,36.91091367773051
0:23:29,65.07833726192712,36.973921504109285
0:23:30,65.61767234783818,36.93087022936229
0:23:31,66.02760533318948,36.93841033834286
0:23:32,66.63875078991113,37.01654672539233
0:23:33,51.60347530028779,36.94761333511663
0:23:34,67.7278397222507,36.93913490310401
0:23:35,68.1609802298126,36.91731059699481
0:23:36,68.16631645473225,36.92203563686612
0:23:37,68.20518008236591,36.93195679381559
0:23:38,69.05381502192597,36.9596644057393
0:23:39,69.46678806951957,36.89131140542157
0:23:40,70.25637236404998,36.90864520349057
0:23:41,69.5079472787978,36.98793171538877
0:23:42,69.16963422299425,36.87305561423277
0:23:43,68.91366836617564,36.971191194913736
0:23:44,68.40878507149954,36.93521674846472
0:23:45,67.81203170701157,36.90152182131771
0:23:46,68.59045324133255,36.95276779971414
0:23:47,67.6868436765822,37.05776078305174
0:23:48,66.84165216399786,36.87428209340557
0:23:49,67.61826704007018,37.0163887745398
0:23:50,68.50690917566816,36.93982904708765
0:23:51,68.79153187486214,36.91283251161157
0:23:52,67.41837900009841,36.88826242570177
0:23:53,67.20737639759834,36.90585796714531
0:23:54,67.6593920730842,37.00912162479146
0:23:55,86.06720640449095,37.014845019264115
0:23:56,68.13895054116313,37.042821067553966
0:23:57,66.17391781078555,36.98737366637729
0:23:58,67.66198279525662,36.89700063715796
0:23:59,69.32463435853171,37.05929597218961
0:24:00,67.94071003609486,36.877958625662615
0:24:01,67.45863167928694,37.01467792033228
0:24:02,69.1563335014344,36.95105851215783
0:24:03,68.38291071092488,37.01415766259118
0:24:04,67.46680843962957,36.94584878646685
0:24:05,66.86497019577207,36.9777538291891
0:24:06,65.36307674620961,36.99674594503201
0:24:07,66.23810815385019,36.90573196023886
0:24:08,67.49209563953104,36.873188983439974
0:24:09,65.61264891181911,36.9598591182937
0:24:10,64.7285967010814,36.86635368193749
0:24:11,65.25666133035573,37.03192905033709
0:24:12,64.84603472198626,36.96010947205843
0:24:13,65.23968747622762,36.859526437599875
0:24:14,66.23599899036064,36.92434628836932
0:24:15,66.3891101582736,36.91385986699324
0:24:16,66.69732096964964,36.87279185717938
0:24:17,67.93589227345964,36.89458504124642
0:24:18,69.89267358005254,36.94558962530653
0:24:19,70.1382213668146,37.00824127216231
0:24:20,68.89244498924931,37.03619485291429
0:24:21,68.35276767017682,36.92924965170805
0:24:22,66.52692330573957,36.97466208097368
0:24:23,67.85976154129999,36.9213398570504
0:24:24,69.39879479724615,37.03117357374491
0:24:25,70.39724265819117,37.04001478351035
0:24:26,69.63760050606827,36.90789158762525
0:24:27,86.04116024719508,37.050928642285996
0:24:28,70.90377096077309,36.88556668773897
0:24:29,72.83503437613612,36.9218178468223
0:24:30,72.74509826291849,37.048581454624674
0:24:31,73.41482393842018,37.06623900142522
0:24:32,75.05914689366234,37.05999445016893
0:24:33,73.39428700743275,36.955912154220705
0:24:34,72.92398341312288,37.02623230180698
0:24:35,74.74175287274474,36.949836720312035
0:24:36,73.56258834991854,36.99167639681091
0:24:37,75.47252786474144,37.05621611262999
0:24:38,73.59578077775731,37.079311007568094
0:24:39,73.30884080147314,37.06558383543445
0:24:40,72.23585814293779,37.095953424475205
0:24:41,72.63572087965169,36.93002990456792
0:24:42,70.86151900406612,37.03668380898775
0:24:43,70.23182050631497,37.112234136467976
0:24:44,68.97353409127939,36.999231009566614
0:24:45,67.74275329263799,37.04476989112758
0:24:46,67.6449860136753,37.03861601486259
0:24:47,66.93608145340045,37.10163635105433
0:24:48,66.98528930685062,37.01068100352078
0:24:49,66.01019831022865,36.950295202788176
0:24:50,67.31923257647621,36.91459209585707
0:24:51,66.8663320836405,37.04194915134795
0:24:52,66.42877950080646,37.037004262105704
0:24:53,65.66926959543731,36.949645115626815
0:24:54,67.08712418015901,36.89660899245933
0:24:55,66.20212949149789,36.90094364183394
0:24:56,55.71957208792821,36.90589163792209
0:24:57,65.83779980516448,36.98777346091114
0:24:58,66.8506019560851,37.03552095697836
0:24:59,68.42800244153834,36.91154208739654
0:25:00,68.66720483494731,37.00233407569173
0:25:01,67.77406520559747,36.987852294451834
0:25:02,68.81053132877904,37.02569849437928
0:25:03,67.39807158373594,37.063109713465934
0:25:04,65.69110247577547,36.93767258755462
0:25:05,66.35578072977265,36.93128099437915
0:25:06,65.69528038753799,36.91275947618584
0:25:07,66.81039133890309,36.94721050995937
0:25:08,65.68014152273587,36.92679136154884
0:25:09,65.07004775965666,36.94994717339002
0:25:10,50.08910122133666,36.97177043421935
0:25:11,64.41247907180218,36.904267322222076
0:25:12,62.62841635316809,37.00281022348413
0:25:13,64.60045465705242,37.00159841707664
0:25:14,66.05564784506211,37.025203502299924
0:25:15,67.86958608700333,37.01853903292687
0:25:16,67.03237518514473,37.03883936074223
0:25:17,68.94225020207847,36.85050045850451
0:25:18,70.82124421757248,36.952960173088904
0:25:19,70.27041244734902,36.893885200451386
0:25:20,69.72477161186282,37.0073071494571
0:25:21,70.37970315573975,36.919776799025286
0:25:22,72.09869914046355,37.02169144603066
0:25:23,73.14112095271696,36.908981073756244
0:25:24,74.35101942981156,36.94333280479318
0:25:25,75.5153872649434,36.89996705428234
0:25:26,76.953742398265,36.89021108617741
0:25:27,78.15101872424873,37.01989870399105
0:25:28,77.28007317456951,36.94105215218674
0:25:29,76.38515425010354,37.07938728941208
0:25:30,77.15804557451463,36.96401293838461
0:25:31,78.98728369174941,37.0726880952688
0:25:32,79.86274144470535,36.95092962317729
0:25:33,81.63909944697433,37.12998476609315
0:25:34,81.353508595184,37.12946837920484
0:25:35,79.71601872662893,37.02080383631628
0:25:36,80.25907940141796,37.1415097839836
0:25:37,79.78767003839047,36.99674356645359
0:25:38,79.20815277112584,37.160375264784044
0:25:39,77.38881331596504,37.02226392873191
0:25:40,75.45715762441328,37.0783724212059
0:25:41,74.58557313914383,37.01496880428195
0:25:42,74.0349476026928,37.15506493361325
0:25:43,75.16771770750961,37.10518557770126
0:25:44,73.60529612719333,37.04539906978057
0:25:45,73.0679063619633,37.061392172291306
0:25:46,73.82369616178457,37.118486108423284
0:25:47,73.07689792516905,37.061315639201375
0:25:48,73.51498271176038,36.98234596484867
0:25:49,75.0266718080241,36.99079680333032
0:25:50,75.753107098863,37.060888139146606
0:25:51,75.74480748550498,37.02633040587311
0:25:52,75.29655308165471,37.06620666966671
0:25:53,73.9014579346714,37.130108897824144
0:25:54,74.71719621626556,37.13103569720906
0:25:55,75.62493140235398,37.113478705148744
0:25:56,75.81612107549678,37.15952540014978
0:25:57,77.3311955355822,37.08459317285261
0:25:58,79.09255084341902,37.191732505278296
0:25:59,77.4350668178635,37.04948263994884
0:26:00,75.91518574088671,37.14698039748
0:26:01,74.45064677822604,37.19654146807508
0:26:02,73.3224772775837,37.188662730396416
0:26:03,74.10536337548561,37.12476231291717
0:26:04,74.86641500160609,37.19024804951905
0:26:05,73.26890733173221,37.149540807294755
0:26:06,73.48199520974603,37.02718727026303
0:26:07,71.65840931898471,37.0495242583065
0:26:08,72.03910257922021,37.09730424530743
0:26:09,71.79853438274526,37.14745989825276
0:26:10,71.66085786460658,36.985340461853546
0:26:11,70.04229627103841,37.17252837881617
0:26:12,70.80176507964106,37.051915138172824
0:26:13,72.0692727197861,37.15987699009045
0:26:14,72.05565079665905,37.13565636254982
0:26:15,73.57974363304203,37.06953922200634
0:26:16,75.23978072689516,36.97531596258571
0:26:17,75.67286321282067,37.01595415075858
0:26:18,60.75253093580258,37.067439081776136
0:26:19,73.6037312876286,37.035767962031436
0:26:20,74.62550072382626,37.101949941472036
0:26:21,75.46573434167772,37.15177269308178
0:26:22,75.56425107223917,37.15847387070886
0:26:23,75.05332286874469,37.08240863147735
0:26:24,73.2505393322264,37.12788725100585
0:26:25,72.69621225398933,37.01033390835746
0:26:26,72.32191630983614,37.04008350615198
0:26:27,71.96856865970803,37.16390347603804
0:26:28,72.31184501626551,37.171548812249064
0:26:29,70.99817293239683,36.98683871042661
0:26:30,72.00416691427938,37.06593509685053
0:26:31,71.969802889537,37.02525711906778
0:26:32,70.46295216454176,37.040153057504476
0:26:33,68.72295507798502,37.157923236012365
0:26:34,69.05687578870933,37.01321504035966
0:26:35,67.84815019631763,37.12714621914777
0:26:36,66.63880339886416,36.97454662572945
0:26:37,68.03566023727294,37.130602494024814
0:26:38,68.38729752172488,37.11428626594137
0:26:39,67.42136748851013,36.96246236017644
0:26:40,67.5616439792722,37.07273610478322
0:26:41,69.2403089397458,37.0814967437421
0:26:42,69.12299175590026,36.95498204185283
0:26:43,69.0662431158767,37.011776269135346
0:26:44,68.88259831279568,37.10384865727833
0:26:45,68.35825203982158,36.99637130415752
0:26:46,69.14155535862214,37.09084787379434
0:26:47,67.85678413819942,37.087448748837666
0:26:48,69.08233309786104,37.0999992004071
0:26:49,69.03911634963255,37.02893692370774
0:26:50,70.90231299196968,36.99111511387848
0:26:51,69.79460938155223,37.09553760283737
0:26:52,70.43139701285187,36.914800302936364
0:26:53,70.7169949587927,36.922512156177184
0:26:54,70.97848152669368,36.95716810823003
0:26:55,69.04894074998084,36.96311605037545
0:26:56,69.52501955327918,36.940341946895735
0:26:57,67.63261206142592,36.977014312134585
0:26:58,66.33548396130911,37.04245965629439
0:26:59,65.1773060370327,36.90316655821405
0:27:00,66.69586814027073,37.06921612014634
0:27:01,67.77530342318153,36.98770011950389
0:27:02,68.16337346083124,37.05647634264596
0:27:03,69.75113136532923,37.00656012636447
0:27:04,67.7955671835647,36.943890144877415
0:27:05,69.25711932488402,37.010989072318374
0:27:06,67.83211726910885,36.90376039882587
0:27:07,66.56614619344039,37.04558066672888
0:27:08,65.52931030782692,37.06854215466458
0:27:09,65.3391338742076,36.98387370573238
0:27:10,67.09553857106283,36.981293691834864
0:27:11,67.46607161631778,36.99062212164394
0:27:12,67.31356270251214,36.963016403207845
0:27:13,67.7558380807128,37.01224129542782
0:27:14,67.34790928601711,37.037950137874915
0:27:15,65.48425524895114,37.06434243703357
0:27:16,64.39182689420842,37.04283570916381
0:27:17,64.93199227379765,36.91142202401682
0:27:18,66.09245329444829,36.92123927388336
0:27:19,65.91430026366243,37.03470667898845
0:27:20,66.6928810704637,36.937392823090136
0:27:21,65.72114521857742,37.020983444290756
0:27:22,66.01546979230292,36.893340533915534
0:27:23,80.0,36.92088745560577
0:27:24,80.0,36.98438350770988
0:27:25,80.90403856016216,36.89596308803159
0:27:26,81.55609638205257,36.99716451407633
0:27:27,82.76590474050609,36.99100511822704
0:27:28,82.64705771653136,37.006463177704624
0:27:29,82.41206895623648,37.12922573159107
0:27:30,81.99444827462615,37.03470775540313
0:27:31,81.94117876198969,37.05552335229735
0:27:32,81.810904661158,37.15720160854438
0:27:33,81.14298499364162,37.03573312599543
0:27:34,81.92105497746435,37.07327010320808
0:27:35,82.51081841107525,37.16938379701072
0:27:36,71.40593100869351,37.101230591956885
0:27:37,83.09388760856858,37.062054029359665
0:27:38,82.5864926543241,37.06688992730211
0:27:39,82.0558995901252,37.08778293020045
0:27:40,82.61678675458184,37.142398964225805
0:27:41,82.23454876881047,37.156068962860765
0:27:42,82.3046277522342,37.13372598320518
0:27:43,83.31475906331872,37.15074737775978
0:27:44,83.470179536897,37.211022192668246
0:27:45,83.12771704550677,37.24655695417967
0:27:46,83.27264761755622,37.22082122949057
0:27:47,83.77639191065137,37.16029827614914
0:27:48,84.66534069118336,37.1854151835357
0:27:49,85.5167152325519,37.1056185744641
0:27:50,85.94416483251804,37.228579419355
0:27:51,86.18240663285684,37.15551069005681
0:27:52,86.280118915734,37.22289485932078
0:27:53,87.49084487886815,37.120650257773285
0:27:54,88.25379696066379,37.20253454340438
0:27:55,88.76008811438065,37.164725608454035
0:27:56,88.81105764251691,37.32908846818826
0:27:57,88.28396892480586,37.18244607778819
0:27:58,88.34262304515846,37.20786302955082
0:27:59,89.49130044110736,37.328006185174495
0:28:00,89.34496225866157,37.174183971228395
0:28:01,89.31066857801541,37.25150524527747
0:28:02,89.90605531958748,37.341099661804876
0:28:03,91.02774581268197,37.183010720922475
0:28:04,91.32023728639261,37.34982216547492
0:28:05,90.87686765636195,37.31198616697734
0:28:06,91.67608028359778,37.36844604536852
0:28:07,92.06187048233612,37.368242914097394
0:28:08,91.83775026228716,37.2736018973784
0:28:09,91.10737220008309,37.23067422166371
0:28:10,92.01132057468946,37.37455562250666
0:28:11,93.09843489822067,37.42976828746606
0:28:12,94.13891501024489,37.2552643791097
0:28:13,93.99142939431204,37.29290510717687
0:28:14,94.2740469650252,37.33166031789824
0:28:15,93.90032929391606,37.34853820383566
0:28:16,95.08327948075339,37.33743819147185
0:28:17,95.12247081097843,37.39069400852787
0:28:18,94.84763449960872,37.42755990577187
0:28:19,95.85542099590837,37.4796419852805
0:28:20,95.25703299230665,37.30759571963524
0:28:21,95.09237985860415,37.335377175144295
0:28:22,95.7792289234786,37.38526773075156
0:28:23,96.05189151090444,37.47024246653961
0:28:24,95.59310326754839,37.40928732947818
0:28:25,95.62454804356793,37.5
0:28:26,95.13517693726135,37.48129188795897
0:28:27,94.51571370671597,37.48155413025905
0:28:28,95.07668335416034,37.371262878999346
0:28:29,94.38979809890786,37.352049451343774
0:28:30,94.59866009583139,37.5
0:28:31,94.99629807661432,37.39886238975823
0:28:32,94.83363555619525,37.440655606551566
0:28:33,95.85136807851191,37.383795515313004
0:28:34,95.45429075719461,37.5
0:28:35,94.7651907874158,37.3733128650209
0:28:36,94.94679500063877,37.37481858981115
0:28:37,94.4504136541108,37.46785882679454
0:28:38,94.45488189943404,37.5
0:28:39,95.44810417625524,37.45863046947987
0:28:40,94.85978935439091,37.49211437467465
0:28:41,95.76217443554168,37.39472270925856
0:28:42,95.1319935808565,37.5
0:28:43,94.924455674536,37.370507245763385
0:28:44,95.10865898228522,37.5
0:28:45,94.43803724127226,37.48079961544177
0:28:46,95.0270662384377,37.5
0:28:47,94.79456017681429,37.5
0:28:48,95.51360505009748,37.5
0:28:49,96.10771103380027,37.46992449847613
0:28:50,95.80890373530808,37.410380444977804
0:28:51,96.26140199891931,37.5
0:28:52,95.56294026697935,37.42923383103211
0:28:53,96.56820663057437,37.43790718122167
0:28:54,96.43671810141393,37.5
0:28:55,95.70163217120802,37.5
0:28:56,95.65089444983961,37.5
0:28:57,95.35008198826644,37.5
0:28:58,95.28052165762831,37.49288648753246
0:28:59,96.05768147512032,37.44220693229426
0:29:00,95.47453948069771,37.5
0:29:01,96.20027281399781,37.40649894613847
0:29:02,96.44908792209334,37.3976268880059
0:29:03,95.89892333360535,37.5
0:29:04,95.63386308505558,37.5
0:29:05,95.07646093245408,37.457352542180914
0:29:06,94.46193420584986,37.5
0:29:07,93.74903096349607,37.5
0:29:08,94.33371892148318,37.5
0:29:09,93.58172780512864,37.39909372842681
0:29:10,94.06139262639617,37.406311836420805
0:29:11,94.14091548552008,37.47836056161553
0:29:12,94.34584302050722,37.5
0:29:13,94.73181359895543,37.5
0:29:14,95.1078292384451,37.5
0:29:15,94.75119356634687,37.482421151273186
0:29:16,94.57036369212265,37.41447594913686
0:29:17,93.80774426015795,37.5
0:29:18,94.07743190100977,37.476486043704064
0:29:19,94.73547873454278,37.40985724583261
0:29:20,95.64267197076872,37.41469544020075
0:29:21,94.85613897926197,37.5
0:29:22,95.66261217877445,37.41382888150909
0:29:23,96.20729899022234,37.5
0:29:24,96.75998272503415,37.472357871898296
0:29:25,97.72940314223851,37.5
0:29:26,98.74270221952021,37.45403406962694
0:29:27,99.27062352967329,37.5
0:29:28,99.53249234087686,37.44078837316639
0:29:29,100.29649753645555,37.5
0:29:30,100.53746511045924,37.49492274443803
0:29:31,100.70738369281113,37.5
0:29:32,100.49490875139266,37.5
0:29:33,100.10248235977001,37.49414783613218
0:29:34,100.01559980498737,37.5
0:29:35,101.27172579612348,37.5
0:29:36,101.310814406216,37.5
0:29:37,100.46429089065415,37.4648897587859
0:29:38,99.59091513888508,37.47670837878889
0:29:39,98.23499097009012,37.5
0:29:40,100.05006560112382,37.5
0:29:41,99.94162056527092,37.5
0:29:42,99.83978088707599,37.5
0:29:43,101.8187303681251,37.5
0:29:44,100.9029507149559,37.5
0:29:45,99.40419663798957,37.5
0:29:46,99.70311241596428,37.5
0:29:47,100.58784237677003,37.5
0:29:48,100.49972468846325,37.5
0:29:49,99.50045609045125,37.5
0:29:50,98.6792515478562,37.5
0:29:51,98.64548630116276,37.5
0:29:52,97.3635610020905,37.5
0:29:53,95.56120463014727,37.5
0:29:54,96.67954442839948,37.473443510864286
0:29:55,94.82227458926471,37.5
0:29:56,95.47758348323649,37.5
0:29:57,96.38832161662367,37.5
0:29:58,96.73902608628175,37.48347088471148
0:29:59,96.00070039821266,37.5
0:30:00,94.24485233258727,37.5
0:30:01,94.74728688617158,37.5
0:30:02,95.87497106466112,37.463821669157795
0:30:03,95.10323730470364,37.5
0:30:04,93.82490730751604,37.5
0:30:05,94.0744948840124,37.5
0:30:06,95.85701003756375,37.47497434411076
0:30:07,95.74397609797373,37.5
0:30:08,93.84776531813539,37.46912099757981
0:30:09,93.9166199527893,37.466443113308586
0:30:10,91.95810899871985,37.5
0:30:11,92.26393485935198,37.5
0:30:12,91.8411552927156,37.5
0:30:13,91.28197862419155,37.46153994491557
0:30:14,91.4095491516093,37.451804309055014
0:30:15,90.32504135237261,37.5
0:30:16,90.0,37.5
0:30:17,90.0,37.5
0:30:18,90.0,37.3897896177293
0:30:19,91.42047929877464,37.5
0:30:20,92.66341315485451,37.46816236173757
0:30:21,92.93564139988297,37.45558245326401
0:30:22,92.50432970812437,37.463086717541906
0:30:23,93.28916351158138,37.41660225717646
0:30:24,92.61290344138669,37.5
0:30:25,90.77990068792944,37.38912012671146
0:30:26,92.08307625869134,37.44890343579223
0:30:27,90.99634110858675,37.499179821392524
0:30:28,91.4606623212067,37.5
0:30:29,90.0,37.36683061273813
0:30:30,90.0,37.40688084226317
0:30:31,90.0,37.38314936685698
0:30:32,90.0,37.5
0:30:33,90.83000399730416,37.44709783667303
0:30:34,90.0,37.5
0:30:35,90.70249398023341,37.5
0:30:36,90.361491101078,37.44750720963185
0:30:37,90.0,37.42579899083301
0:30:38,90.0,37.49778676929855
0:30:39,90.27015578426756,37.44668589173018
0:30:40,91.54876674545154,37.48248647142396
0:30:41,90.90454673747638,37.39266340286015
0:30:42,91.55348522021924,37.39632331813934
0:30:43,91.28407332392149,37.37590332204768
0:30:44,91.6204722693079,37.46182908656824
0:30:45,93.03917798948655,37.5
0:30:46,93.61887325353732,37.396961608378604
0:30:47,93.13123505618647,37.49451472220194
0:30:48,92.97105466169319,37.480388327446306
0:30:49,94.92720989860996,37.43241304498644
0:30:50,94.65666403503455,37.5
0:30:51,96.12431150980842,37.5
0:30:52,97.90754535075068,37.45995521666281
0:30:53,96.44763913683533,37.42721598897829
0:30:54,94.56658007575315,37.5
0:30:55,93.39242354169677,37.5
0:30:56,93.28556474264671,37.3666530778519
0:30:57,94.03122737162299,37.5
0:30:58,92.37724552675542,37.368811844400824
0:30:59,93.99637526556522,37.5
0:31:00,95.01023564098001,37.410013690936516
0:31:01,93.62661172361663,37.5
0:31:02,92.43488861799906,37.38359468967775
0:31:03,94.0965291388126,37.451079605240984
0:31:04,93.50903776564228,37.47598211237648
0:31:05,93.6526800948939,37.49591673051173
0:31:06,92.99280586450621,37.5
0:31:07,91.15717977875998,37.5
0:31:08,91.72398702446647,37.5
0:31:09,91.55483746013968,37.459392558555145
0:31:10,91.88505589372178,37.36384498706873
0:31:11,90.15553836028188,37.5
0:31:12,90.38923483164206,37.36335465191
0:31:13,90.0,37.364770286359324
0:31:14,91.67442971708593,37.5
0:31:15,90.00112316084525,37.428513006400216
0:31:16,90.0,37.5
0:31:17,90.0,37.46710884261528
0:31:18,90.0,37.485380771614835
0:31:19,90.0,37.41347885730505
0:31:20,90.34447023218185,37.42304262267951
0:31:21,92.00960443875478,37.48137201582472
0:31:22,90.17101808007997,37.41648598965053
0:31:23,90.0,37.499208524050125
0:31:24,90.51255928952406,37.43022241288888
0:31:25,92.13264062796364,37.44299879461218
0:31:26,93.03816090752596,37.44128010371819
0:31:27,92.248895587006,37.48492677743663
0:31:28,92.3731340842149,37.474649559307416
0:31:29,91.60313539342903,37.42592547751197
0:31:30,92.80921479749152,37.460479881915354
0:31:31,94.34464632500898,37.37623687925139
0:31:32,92.89060831025111,37.43497314805841
0:31:33,91.80230319816175,37.387727050194
0:31:34,92.40871403363806,37.39529128739472
0:31:35,93.89451792595872,37.48726182917322
0:31:36,93.36807052272073,37.5
0:31:37,93.23371718006096,37.42095065885221
0:31:38,92.4097362501783,37.41120435758687
0:31:39,92.7449177041873,37.417783026131936
0:31:40,92.31048615930013,37.5
0:31:41,90.56744118328949,37.499734231646656
0:31:42,91.85401185909367,37.38619211273581
0:31:43,92.45380573868101,37.35500395113884
0:31:44,92.44914654597504,37.424038335786506
0:31:45,93.82589830020136,37.5
0:31:46,94.11226189586915,37.35138744927381
0:31:47,93.5460547787149,37.5
0:31:48,93.62564516676579,37.4030435901662
0:31:49,92.65964270595384,37.4612738011484
0:31:50,91.7032593661559,37.5
0:31:51,92.09395798579018,37.5
0:31:52,91.7182589851326,37.3608501264601
0:31:53,92.30631750917368,37.433897836605645
0:31:54,92.62249009998177,37.37000356546339
0:31:55,93.31520515444352,37.48462206890115
0:31:56,92.91989429233658,37.5
0:31:57,93.30516325061187,37.40014046125678
0:31:58,92.41739405169396,37.5
0:31:59,91.28369059949809,37.439409469384394
0:32:00,90.32849888482038,37.46697412188545
0:32:01,89.91552670527439,37.426877809950284
0:32:02,89.32037989260986,37.5
0:32:03,89.63589630340628,37.5
0:32:04,88.76499816951988,37.46438403913525
0:32:05,88.85313978926328,37.39579198002058
0:32:06,88.76945509700064,37.38512731067125
0:32:07,88.17258853453195,37.385041316645584
0:32:08,88.96983092543742,37.42778749233583
0:32:09,88.99985713827523,37.41935650646233
0:32:10,77.74018151760944,37.43245952029624
0:32:11,88.93357337580498,37.325432302197925
0:32:12,88.50455918440542,37.43717974353252
0:32:13,87.5543732546886,37.469814807398215
0:32:14,88.1991776412744,37.42654084706749
0:32:15,87.83249072700507,37.33888807319514
0:32:16,87.42268096274732,37.33348110709059
0:32:17,86.86644771039873,37.30374606504569
0:32:18,86.26535745687606,37.38718138025844
0:32:19,86.43578066075138,37.33586181637303
0:32:20,85.40402602434827,37.477019347628264
0:32:21,84.76914003052778,37.32613165059004
0:32:22,103.5915538587979,37.471254318800526
0:32:23,83.43458266187574,37.35164335285438
0:32:24,83.74471313179492,37.27809493865052
0:32:25,82.62233404923073,37.45095830282518
0:32:26,83.04025467440587,37.27800473830586
0:32:27,82.34298395688477,37.305599290791555
0:32:28,81.96464350759925,37.253512573921796
0:32:29,82.4739520113193,37.33869038525164
0:32:30,82.07711037320938,37.37283414640714
0:32:31,81.81546084139455,37.413159127730964
0:32:32,82.12874214464969,37.248423421586665
0:32:33,81.10943268437327,37.35480797538818
0:32:34,80.2222040902138,37.25271309219044
0:32:35,62.86541259657309,37.38416406774744
0:32:36,79.27841905595167,37.2354790009315
0:32:37,78.10668195360864,37.22525719272257
0:32:38,78.83214416200681,37.214891604749724
0:32:39,66.22995075614841,37.271635225036825
0:32:40,77.96829528770469,37.24912564078616
0:32:41,76.98755247163695,37.272025932618405
0:32:42,75.86705933677095,37.27206613762828
0:32:43,76.49147422740847,37.28686511339194
0:32:44,77.0360550449088,37.2139947601948
0:32:45,77.74265190949875,37.20294550444855
0:32:46,77.49939837618624,37.210110603633396
0:32:47,77.9080752903634,37.165748215795304
0:32:48,76.92913358890019,37.191666307110836
0:32:49,77.02526708432147,37.23283682594442
0:32:50,77.08642379005506,37.222382173850946
0:32:51,77.40106133386702,37.28989365817441
0:32:52,77.71183579526186,37.15488560872325
0:32:53,76.81783713044757,37.247117364713056
0:32:54,77.61796917370643,37.21843161722444
0:32:55,76.81167124760483,37.16867159744355
0:32:56,75.83894622893753,37.19339569062515
0:32:57,76.13386035994188,37.261305067963626
0:32:58,76.61177042948648,37.11472487802898
0:32:59,77.39896582661814,37.16057916070963
0:33:00,76.28666179451942,37.10012657255641
0:33:01,75.44537247945802,37.25598343498887
0:33:02,74.59930429339317,37.25254440962892
0:33:03,74.24151612893367,37.15687991246398
0:33:04,74.69561496767264,37.25170519325071
0:33:05,74.44980808346622,37.192666999612634
0:33:06,73.8051601324704,37.079931624819615
0:33:07,73.47840226694447,37.174461629129155
0:33:08,72.66529384949675,37.21666379182059
0:33:09,57.85383910332878,37.22533296133594
0:33:10,74.36843512849433,37.14559640826552
0:33:11,71.55908818119268,37.03811977558816
0:33:12,71.65855515292309,37.200623507526664
0:33:13,71.24652259889379,37.19472766546191
0:33:14,71.52114120499915,37.131658024886576
0:33:15,72.25820517662761,37.11970250459731
0:33:16,71.51503395827991,37.04423738281017
0:33:17,71.13786560154367,37.09254290891601
0:33:18,71.43632123381778,37.14484338379285
0:33:19,70.36333036186082,37.11351879510444
